{"cameraMode":{"drawMode":0,"name":"Shaded","section":"Shading Mode"},"sceneLighting":true,"audioPlay":false,"sceneViewState":{"showFog":true,"showMaterialUpdate":false,"showSkybox":true,"showFlares":true,"showImageEffects":true,"showParticleSystems":true,"showVisualEffectGraphs":true,"m_FxEnabled":false},"in2DMode":false,"pivot":{"x":145.56541442871095,"y":118.54219055175781,"z":-0.6840972900390625},"rotation":{"x":0.012896416708827019,"y":0.0014996165409684182,"z":-0.000018985130736837164,"w":0.9999178647994995},"size":98.86986541748047,"orthographic":false}