{"cameraMode":{"drawMode":0,"name":"Shaded","section":"Shading Mode"},"sceneLighting":true,"audioPlay":false,"sceneViewState":{"showFog":true,"showMaterialUpdate":false,"showSkybox":true,"showFlares":true,"showImageEffects":true,"showParticleSystems":true,"showVisualEffectGraphs":true,"m_FxEnabled":false},"in2DMode":false,"pivot":{"x":242.45663452148438,"y":147.59922790527345,"z":-0.2253265380859375},"rotation":{"x":0.012896416708827019,"y":0.0014996165409684182,"z":-0.000018985130736837164,"w":0.9999178647994995},"size":203.96287536621095,"orthographic":false}