{"cameraMode":{"drawMode":0,"name":"Shaded","section":"Shading Mode"},"sceneLighting":true,"audioPlay":false,"sceneViewState":{"showFog":true,"showMaterialUpdate":false,"showSkybox":true,"showFlares":true,"showImageEffects":true,"showParticleSystems":true,"showVisualEffectGraphs":true,"m_FxEnabled":false},"in2DMode":false,"pivot":{"x":78.67228698730469,"y":-143.87750244140626,"z":-61.920257568359378},"rotation":{"x":0.24004490673542024,"y":-0.7585560083389282,"z":0.45407962799072268,"w":0.40100133419036868},"size":202.61753845214845,"orthographic":false}