{"cameraMode":{"drawMode":0,"name":"Shaded","section":"Shading Mode"},"sceneLighting":true,"audioPlay":false,"sceneViewState":{"showFog":true,"showMaterialUpdate":false,"showSkybox":true,"showFlares":true,"showImageEffects":true,"showParticleSystems":true,"showVisualEffectGraphs":true,"m_FxEnabled":false},"in2DMode":false,"pivot":{"x":172.76234436035157,"y":157.03033447265626,"z":41.688533782958987},"rotation":{"x":0.41616132855415347,"y":-0.2584252655506134,"z":0.1246396154165268,"w":0.8628449440002441},"size":38.262210845947269,"orthographic":false}