{"cameraMode":{"drawMode":0,"name":"Shaded","section":"Shading Mode"},"sceneLighting":true,"audioPlay":false,"sceneViewState":{"showFog":true,"showMaterialUpdate":false,"showSkybox":true,"showFlares":true,"showImageEffects":true,"showParticleSystems":true,"showVisualEffectGraphs":true,"m_FxEnabled":false},"in2DMode":false,"pivot":{"x":214.35009765625,"y":173.1897430419922,"z":33.48432159423828},"rotation":{"x":0.0010628344025462866,"y":-0.8066214323043823,"z":0.5910860896110535,"w":0.0014462039107456804},"size":21.088485717773439,"orthographic":false}